id_1870,id_1880
b5689d06-edd3-498e-8b5b-e04f2fa2f2a9,f7946b71-ff8a-441b-a37f-e086d6a6a048
a7118f06-949d-4d02-be0a-db33a6f8f3a8,9f638d67-3533-4886-9e2e-f9f6e87ca771
85d089c0-b907-4d9c-95ab-c5fa4a3dd2bb,2a675d10-ed1e-4f73-bce9-76e2e4b3924a
cddd9455-48e0-4b48-89a5-9ee315e00087,06377154-eea4-4211-bf10-fe548d9a964f
8cb74256-6dfa-4d17-913a-59fa646c388a,711513e3-d50b-4441-b3d8-8c49271d2002
1f8e1a74-d486-44ad-8d5c-51aedf86208e,c8f11113-57f6-416e-bca1-7c66966034ed
61a1590f-1d3a-4666-8406-3d4aaf0770b4,bde92964-95f2-4ca9-afde-b7165c7d06bb
92277f0b-1476-41f5-9dc8-bf83672616d0,f6de224e-c9ee-41e2-ac65-4b5f2759ef68
322291a1-de91-439d-bba0-45fc2f47a2eb,66ebab38-fee5-48b1-b377-b6bda58027e0
136f7105-ff59-4eac-9d95-44b002cbb448,1adf0fb8-de2b-4980-9fa9-40185c088fee
1138ab41-e234-4c72-b812-eaaf0fc5f76c,84afa4db-cd4b-4020-adca-a9de7d95b290
066ea4e1-f340-4231-b505-ec7bb9a07103,6b971a6c-4242-4b1f-8974-360902e7796c
b7d96336-404e-490c-8c45-61f2287b52ff,50b0ff80-84fd-425c-be1a-e2370014c407
24bdff6a-5590-4494-8e8a-ac4a549c8890,8222cb37-5c86-468c-bc05-14848ccd2e59
c1fedaab-f026-4aa4-9320-e10f2432d539,4510623f-8f33-4019-99c3-22049b45f5d6
43a6ebe5-752b-4054-818d-6f6f75cc89e7,27fc6c82-ad43-4fdf-bbdf-d14e917a5569
0d693015-2349-4363-9667-45036af7d0db,6c00c2f2-161c-4c90-87d4-63a60486e0ca
1d586e26-aac1-49df-a2ad-fe0a385a26bf,15615f8d-a803-4194-aa7f-42da10ed5a31
93b7ac89-f9db-49b2-a1f2-c189fecc14ae,6f6568b4-a322-40e5-a186-f793d922b90b
e51c36c9-570c-466d-aac1-bf380c9c20f1,f261fb9d-fc8c-42b5-8251-42089f80cbf8
9250341a-8336-494a-bc84-2b803efe64c6,55a071e1-d20d-4d22-a6eb-d5deef9a559b
a70679f0-9313-4ef3-bf87-5dfe81beed5d,846b5839-0497-4c6f-a0d9-797582d21a5e
4715bbf6-d3e2-4260-9ddd-6aece147e5c1,ad0259a0-51b3-4b78-9997-b1eaab93c688
77378570-5214-4ac5-8258-c5156e8b99b3,f37566db-7cf0-4e93-ab52-84824c4110eb
6542b541-6e10-411f-9b2a-7c0b93b0aa68,5ef7e217-351a-4357-91dc-1645ccfbc6dd
396c4077-6a70-4a17-97fb-f8a0c06fdafe,3203952f-37b7-4b80-8e13-4e662c4779d6
7e9dde5e-3fad-4b2e-b367-643c0dc8cabb,87f03a87-fc70-4b9d-a9de-ae83e78278c1
f7d9e25f-c390-4222-ac24-4e93d72daa05,03cb336b-d9ba-41e8-8ed1-a8afa0a346f3
24b7afa1-8c49-4833-8292-c545c85d3b89,69ef5d0c-04b4-41f8-9641-bf58f37c5272
4b416874-0c5c-4233-81ec-39223bc66f4f,f4406043-4b24-485c-88b4-15e1bdbf78bc
bd36494f-a7ce-40fe-b7cd-f5df1f531044,410c91c8-8737-40d1-a111-8afeea3c14fb
2d7d03bc-0088-4c44-81db-b6101cfb92e0,f5d50a84-1036-411d-8a36-c57127a22be9
c19546bf-2d8c-40f2-8c89-c67fbfe767fd,58279a15-79bc-4783-a504-e0b1b7c74f23
0808785d-249b-46a8-9474-4597412f9019,906809ad-708c-4600-9f6a-99579a9ab053
252682b6-348b-4da0-9e9e-3757efd0f4c5,8bd1feee-6f7c-4831-9da3-ca7481ff99e0
eae58d64-ea06-449a-aec2-8847bfead7af,e127e4bf-be95-40ae-a7e6-4949aa7d616d
27cf7009-0426-44f1-99e4-b12974a98b1d,694a913b-a6b3-45d9-a34f-ec932a699f74
198e71cf-b381-421c-9465-36a647230f83,7d5fc4cb-8c2f-40cc-90e8-22fb2e73197c
c37e0afe-27bc-46d1-a9f0-f4033240de64,02e38385-54db-4fe1-b93e-16116c06677e
c4394bdb-aa1a-4324-86be-56b856537306,9fb28d77-dfb0-4843-a4de-f1ac1942a223
56409b3e-a1f0-4ea4-acd7-ba89e620a829,8232cc53-8e09-4564-8f8f-786a981841fb
e81edd32-8d08-4be0-9f08-91327205ddf4,df27fe55-e767-4143-93f9-3b9a1ea90bac
1023d14c-21a7-4639-90cb-0b23071d4d00,f5bde67a-4cb2-401a-ac56-a28727271a4f
7a47ca57-a218-4d77-8f87-74fd1030fad5,879df8ff-c86d-4a42-9183-a345e28b4ee8
206119d4-c83b-4818-b614-19657665e46a,6e179e3c-ea4e-405d-9894-6e496c374f5d
d7f91cd7-3503-45ff-9475-3e80b70f67c5,eff0218d-b47b-47cc-bea4-721535605147
4432e04a-2292-4fac-8a01-5d43777f4897,22b3494b-8c95-4ced-8a52-932dda9aadc4
2596bf51-4fdb-4874-8f84-beb7a3d9c367,8c3736cb-4640-43ac-8190-54eb1d75ecbe
844d254f-6a52-4c4e-a657-42cfa3ed1dc0,272fd097-388e-480c-ad71-80353924c9fc
5c41f9a6-9213-4146-aa5d-e6ebe889e759,d47c529c-858a-4cbc-a822-70e7089d078d
9abe921b-1f69-49d3-9b5a-892882f4c3be,a53406df-612a-47bd-8c4b-04b2aa34ddc7
c779d26b-c9e6-4a1e-b5d9-ba175a550d32,cc8ceb38-487e-42ff-82ed-f554df0b3906
e739d539-5b85-4b91-83bc-26a7e7fd1881,21a2a9dc-429f-4f32-be41-3ae51fb916f6
70915620-9eaa-406e-89b1-8008903ac12f,ddc167cf-417a-49d1-be53-68de0b5c4f23
d479f93f-006a-4b5c-8d61-c2ec4f21e00d,3038309c-a730-48e2-9e0f-182d408712c6
5f36ff8b-ec92-4fa8-9ff9-bc008e1380a3,e1516b40-3715-44fd-8ddd-f7451a48fca1
4b89410a-2a55-496b-81a0-1df427f74d33,49d1c996-7207-4507-b1bb-d5892d0270e2
d7ca83c0-7d74-4175-98f7-2aa7f89f466e,4dcdc8f8-5f64-4a8c-82af-3404af60c98e
05c0e62a-1d26-4c93-ae0f-d627aa57577d,300c4ebb-bd8f-4df7-b31c-a0ad795172bf
83fc82f5-43f4-42cd-88f4-71868ad818df,8c97930b-a827-4af8-855d-a90773d4ee6e
40c24713-7780-43af-81ba-849fcb8f043f,78fa1606-23d4-4970-ba37-a23463e5abf1
aac1577d-c687-45e9-a69d-8675f50d98e7,b1f926bf-f3a4-405e-8c99-f9ecddd709ae
e3d6ce34-3f00-46a9-8e08-dd5d91b5b285,b2d9805c-478f-4347-8646-6fee2898471e
a3f2b6d7-bb34-409c-9afe-abfa6459a786,9bb4c23f-551e-4bba-a4ef-8ced54eb30a0
ba22c118-5c26-4893-9ca4-4c96c09b7cc0,3b66a0e0-8f65-4928-b8a6-a2df262875b4
43f45c1f-20b8-4c74-b25c-a0cab348a30e,89aeaa79-2ebe-4de3-a1d8-e73698191bdd
a347ea42-ded7-4864-bf2f-8fcda1bb3089,d30a23c1-3435-44ff-bef0-485b42ac80db
9d050439-ac83-4f7c-a231-bc03856b7e34,fac6848a-910e-44aa-b481-c58c3cb6ed06
c32839fe-2313-4c3f-872c-2c3ac9859f88,40acdad2-a080-468a-8532-e6331977ffa0
87904d94-1eec-4c85-a09a-334119207520,83f5aaa4-8369-4860-8b9d-32818c0f247f
7f0ebb5c-e76a-4f46-9ae8-f47aba05ae8f,6de9b799-1d42-462d-89cb-cebf307f5e5a
cd5360b9-f5a4-4733-b06d-5e8597f57862,dc34942b-0983-419d-8299-67b11bd158e9
42f11c00-de28-4a95-aee4-89746f8acc07,adb007d0-c6f1-40b0-a216-c686e9f83896
d1c9224e-d277-4aa9-87b3-69fd5aab2c4c,2cfae8f3-5925-42c4-949b-d65b44c7916f
52ea9668-91ac-4fb8-ad0c-8b60479f2d5e,cf0005b2-bf29-4d87-b715-53e9a778c64f
9043e9af-67b3-4c8d-bee3-9c74fe9e7087,bf2a75f1-bdaf-414e-a137-d18fc63c6d84
